{"cameraMode":{"drawMode":0,"name":"Shaded","section":"Shading Mode"},"sceneLighting":true,"audioPlay":false,"sceneViewState":{"m_AlwaysRefresh":false,"showFog":true,"showSkybox":false,"showFlares":true,"showImageEffects":true,"showParticleSystems":true,"showVisualEffectGraphs":true,"m_FxEnabled":true},"in2DMode":false,"pivot":{"x":0.6898321509361267,"y":-0.46071016788482668,"z":-0.6843287348747253},"rotation":{"x":0.0023309129755944015,"y":0.931178629398346,"z":-0.005863999482244253,"w":0.36456480622291567},"size":0.8363723158836365,"orthographic":false}