{"cameraMode":{"drawMode":0,"name":"Shaded","section":"Shading Mode"},"sceneLighting":false,"audioPlay":false,"sceneViewState":{"m_AlwaysRefresh":false,"showFog":true,"showSkybox":false,"showFlares":true,"showImageEffects":true,"showParticleSystems":true,"showVisualEffectGraphs":true,"m_FxEnabled":true},"in2DMode":false,"pivot":{"x":-0.6765040755271912,"y":2.6346940994262697,"z":1.8631457090377808},"rotation":{"x":-0.05231311544775963,"y":0.08013586699962616,"z":-0.004204147960990667,"w":-0.995505690574646},"size":2.0660252571105959,"orthographic":false}