{"cameraMode":{"drawMode":0,"name":"Shaded","section":"Shading Mode"},"sceneLighting":false,"audioPlay":false,"sceneViewState":{"m_AlwaysRefresh":false,"showFog":true,"showSkybox":false,"showFlares":true,"showImageEffects":true,"showParticleSystems":true,"showVisualEffectGraphs":true,"m_FxEnabled":true},"in2DMode":false,"pivot":{"x":-1.2765977382659913,"y":1.5887391567230225,"z":0.7163896560668945},"rotation":{"x":0.08432022482156754,"y":-0.49624931812286379,"z":0.048660825937986377,"w":0.862800121307373},"size":2.3181264400482179,"orthographic":false}