{"cameraMode":{"drawMode":0,"name":"Shaded","section":"Shading Mode"},"sceneLighting":false,"audioPlay":false,"sceneViewState":{"m_AlwaysRefresh":false,"showFog":true,"showSkybox":false,"showFlares":true,"showImageEffects":true,"showParticleSystems":true,"showVisualEffectGraphs":true,"m_FxEnabled":true},"in2DMode":false,"pivot":{"x":-0.155376136302948,"y":0.6146841645240784,"z":-0.8719979524612427},"rotation":{"x":-0.4224134683609009,"y":-0.15191248059272767,"z":0.07197330892086029,"w":-0.8907354474067688},"size":0.39903005957603457,"orthographic":false}