{"cameraMode":{"drawMode":0,"name":"Shaded","section":"Shading Mode"},"sceneLighting":false,"audioPlay":false,"sceneViewState":{"m_AlwaysRefresh":false,"showFog":true,"showSkybox":false,"showFlares":true,"showImageEffects":true,"showParticleSystems":true,"showVisualEffectGraphs":true,"m_FxEnabled":true},"in2DMode":false,"pivot":{"x":0.1886681616306305,"y":0.8691990971565247,"z":-0.5493617057800293},"rotation":{"x":-0.38638970255851748,"y":-0.17902380228042603,"z":0.07654932886362076,"w":-0.9020261168479919},"size":1.0793516635894776,"orthographic":false}