{"cameraMode":{"drawMode":0,"name":"Shaded","section":"Shading Mode"},"sceneLighting":false,"audioPlay":false,"sceneViewState":{"m_AlwaysRefresh":false,"showFog":true,"showSkybox":false,"showFlares":true,"showImageEffects":true,"showParticleSystems":true,"showVisualEffectGraphs":true,"m_FxEnabled":true},"in2DMode":false,"pivot":{"x":0.9881809949874878,"y":0.9388983845710754,"z":1.0284768342971802},"rotation":{"x":0.29338958859443667,"y":0.6005022525787354,"z":-0.2505517899990082,"w":0.7006914019584656},"size":5.5886945724487309,"orthographic":false}