{"cameraMode":{"drawMode":0,"name":"Shaded","section":"Shading Mode"},"sceneLighting":false,"audioPlay":false,"sceneViewState":{"m_AlwaysRefresh":false,"showFog":true,"showSkybox":false,"showFlares":true,"showImageEffects":true,"showParticleSystems":true,"showVisualEffectGraphs":true,"m_FxEnabled":true},"in2DMode":false,"pivot":{"x":-0.014075785875320435,"y":0.4285728931427002,"z":-0.0359501838684082},"rotation":{"x":-0.1343778520822525,"y":-0.8648148775100708,"z":0.35718125104904177,"w":-0.326673686504364},"size":1.9073503017425538,"orthographic":false}