{"cameraMode":{"drawMode":0,"name":"Shaded","section":"Shading Mode"},"sceneLighting":false,"audioPlay":false,"sceneViewState":{"m_AlwaysRefresh":false,"showFog":true,"showSkybox":false,"showFlares":true,"showImageEffects":true,"showParticleSystems":true,"showVisualEffectGraphs":true,"m_FxEnabled":true},"in2DMode":false,"pivot":{"x":1.4462770223617554,"y":-1.0893652439117432,"z":-0.07981016486883164},"rotation":{"x":0.2744605243206024,"y":-0.07921923696994782,"z":0.022696832194924356,"w":0.9580711126327515},"size":2.478048086166382,"orthographic":false}