{"cameraMode":{"drawMode":0,"name":"Shaded","section":"Shading Mode"},"sceneLighting":false,"audioPlay":false,"sceneViewState":{"m_AlwaysRefresh":false,"showFog":true,"showSkybox":false,"showFlares":true,"showImageEffects":true,"showParticleSystems":true,"showVisualEffectGraphs":true,"m_FxEnabled":true},"in2DMode":false,"pivot":{"x":-0.12751179933547975,"y":1.035294771194458,"z":0.4839642643928528},"rotation":{"x":0.15463021397590638,"y":-0.7491756081581116,"z":0.18982179462909699,"w":0.6164708733558655},"size":2.1131792068481447,"orthographic":false}