{"cameraMode":{"drawMode":0,"name":"Shaded","section":"Shading Mode"},"sceneLighting":false,"audioPlay":false,"sceneViewState":{"m_AlwaysRefresh":false,"showFog":true,"showSkybox":false,"showFlares":true,"showImageEffects":true,"showParticleSystems":true,"showVisualEffectGraphs":true,"m_FxEnabled":true},"in2DMode":false,"pivot":{"x":-0.15384498238563538,"y":0.42932653427124026,"z":-0.47573187947273257},"rotation":{"x":-0.2638249099254608,"y":-0.16880924999713899,"z":0.0467216931283474,"w":-0.9487392902374268},"size":0.19646891951560975,"orthographic":false}