{"cameraMode":{"drawMode":0,"name":"Shaded","section":"Shading Mode"},"sceneLighting":false,"audioPlay":false,"sceneViewState":{"m_AlwaysRefresh":false,"showFog":true,"showSkybox":false,"showFlares":true,"showImageEffects":true,"showParticleSystems":true,"showVisualEffectGraphs":true,"m_FxEnabled":true},"in2DMode":false,"pivot":{"x":0.492739200592041,"y":0.052690595388412479,"z":0.050000011920928958},"rotation":{"x":-0.01641184464097023,"y":0.9509338140487671,"z":-0.30934929847717287,"w":-0.0363282784819603},"size":1.0944292545318604,"orthographic":false}