{"cameraMode":{"drawMode":0,"name":"Shaded","section":"Shading Mode"},"sceneLighting":true,"audioPlay":false,"sceneViewState":{"m_AlwaysRefresh":false,"showFog":true,"showSkybox":false,"showFlares":true,"showImageEffects":true,"showParticleSystems":true,"showVisualEffectGraphs":true,"m_FxEnabled":true},"in2DMode":false,"pivot":{"x":0.06078296899795532,"y":-0.27715644240379336,"z":-0.05849224328994751},"rotation":{"x":-0.0715419352054596,"y":0.9230158925056458,"z":-0.21009960770606996,"w":-0.31429988145828249},"size":0.3636275827884674,"orthographic":false}