{"cameraMode":{"drawMode":0,"name":"Shaded","section":"Shading Mode"},"sceneLighting":false,"audioPlay":false,"sceneViewState":{"m_AlwaysRefresh":false,"showFog":true,"showSkybox":false,"showFlares":true,"showImageEffects":true,"showParticleSystems":true,"showVisualEffectGraphs":true,"m_FxEnabled":true},"in2DMode":false,"pivot":{"x":0.0971086174249649,"y":-1.7384440898895264,"z":-3.1294779777526857},"rotation":{"x":-0.01179000735282898,"y":-0.9554259181022644,"z":0.2927291989326477,"w":-0.03812442347407341},"size":3.8129849433898927,"orthographic":false}