{"cameraMode":{"drawMode":0,"name":"Shaded","section":"Shading Mode"},"sceneLighting":false,"audioPlay":false,"sceneViewState":{"m_AlwaysRefresh":false,"showFog":true,"showSkybox":false,"showFlares":true,"showImageEffects":true,"showParticleSystems":true,"showVisualEffectGraphs":true,"m_FxEnabled":true},"in2DMode":false,"pivot":{"x":0.07072735577821732,"y":1.1284117698669434,"z":0.0955282524228096},"rotation":{"x":0.1775256097316742,"y":0.14001131057739259,"z":-0.025499340146780015,"w":0.9738430976867676},"size":1.2247449159622193,"orthographic":false}