{"cameraMode":{"drawMode":0,"name":"Shaded","section":"Shading Mode"},"sceneLighting":false,"audioPlay":false,"sceneViewState":{"m_AlwaysRefresh":false,"showFog":true,"showSkybox":false,"showFlares":true,"showImageEffects":true,"showParticleSystems":true,"showVisualEffectGraphs":true,"m_FxEnabled":true},"in2DMode":false,"pivot":{"x":0.12661634385585786,"y":0.05459677428007126,"z":-0.13005496561527253},"rotation":{"x":0.06970328092575073,"y":-0.24666458368301392,"z":0.017790621146559717,"w":0.9664275646209717},"size":0.3768755793571472,"orthographic":false}