{"cameraMode":{"drawMode":0,"name":"Shaded","section":"Shading Mode"},"sceneLighting":false,"audioPlay":false,"sceneViewState":{"m_AlwaysRefresh":false,"showFog":true,"showSkybox":false,"showFlares":true,"showImageEffects":true,"showParticleSystems":true,"showVisualEffectGraphs":true,"m_FxEnabled":true},"in2DMode":false,"pivot":{"x":1.0580430030822755,"y":0.44826292991638186,"z":0.7711522579193115},"rotation":{"x":0.06474949419498444,"y":-0.7842236161231995,"z":0.06698943674564362,"w":0.6165592074394226},"size":2.213912010192871,"orthographic":false}