{"cameraMode":{"drawMode":0,"name":"Shaded","section":"Shading Mode"},"sceneLighting":false,"audioPlay":false,"sceneViewState":{"m_AlwaysRefresh":false,"showFog":true,"showSkybox":false,"showFlares":true,"showImageEffects":true,"showParticleSystems":true,"showVisualEffectGraphs":true,"m_FxEnabled":true},"in2DMode":false,"pivot":{"x":0.0876735970377922,"y":-3.6325485706329347,"z":0.3159186542034149},"rotation":{"x":-0.6897068619728088,"y":-0.037551768124103549,"z":0.035768549889326099,"w":-0.7223103046417236},"size":4.446347713470459,"orthographic":false}