{"cameraMode":{"drawMode":0,"name":"Shaded","section":"Shading Mode"},"sceneLighting":false,"audioPlay":false,"sceneViewState":{"m_AlwaysRefresh":false,"showFog":true,"showSkybox":false,"showFlares":true,"showImageEffects":true,"showParticleSystems":true,"showVisualEffectGraphs":true,"m_FxEnabled":true},"in2DMode":false,"pivot":{"x":0.26298728585243227,"y":0.17891165614128114,"z":-0.7233419418334961},"rotation":{"x":0.02830628678202629,"y":-0.876311719417572,"z":0.4781619906425476,"w":0.05185362696647644},"size":4.482039451599121,"orthographic":false}