{"cameraMode":{"drawMode":0,"name":"Shaded","section":"Shading Mode"},"sceneLighting":false,"audioPlay":false,"sceneViewState":{"m_AlwaysRefresh":false,"showFog":true,"showSkybox":false,"showFlares":true,"showImageEffects":true,"showParticleSystems":true,"showVisualEffectGraphs":true,"m_FxEnabled":true},"in2DMode":false,"pivot":{"x":0.6315611600875855,"y":0.1505744606256485,"z":0.14475806057453156},"rotation":{"x":-0.023299245163798333,"y":-0.965376615524292,"z":0.24275296926498414,"w":-0.09442833065986633},"size":3.1181223392486574,"orthographic":false}