{"cameraMode":{"drawMode":0,"name":"Shaded","section":"Shading Mode"},"sceneLighting":false,"audioPlay":false,"sceneViewState":{"m_AlwaysRefresh":false,"showFog":true,"showSkybox":false,"showFlares":true,"showImageEffects":true,"showParticleSystems":true,"showVisualEffectGraphs":true,"m_FxEnabled":true},"in2DMode":false,"pivot":{"x":-0.5975337624549866,"y":1.8079793453216553,"z":-0.7594830393791199},"rotation":{"x":-0.010511418804526329,"y":-0.9853293299674988,"z":0.15651655197143556,"w":-0.06911837309598923},"size":4.1856160163879398,"orthographic":false}