{"cameraMode":{"drawMode":0,"name":"Shaded","section":"Shading Mode"},"sceneLighting":true,"audioPlay":false,"sceneViewState":{"m_AlwaysRefresh":false,"showFog":true,"showSkybox":false,"showFlares":true,"showImageEffects":true,"showParticleSystems":true,"showVisualEffectGraphs":true,"m_FxEnabled":true},"in2DMode":false,"pivot":{"x":2.4952235221862795,"y":1.8157670497894288,"z":0.5754110813140869},"rotation":{"x":-0.25937262177467348,"y":0.5200241208076477,"z":-0.1694524586200714,"w":-0.7959949374198914},"size":0.31221190094947817,"orthographic":false}