{"cameraMode":{"drawMode":0,"name":"Shaded","section":"Shading Mode"},"sceneLighting":false,"audioPlay":false,"sceneViewState":{"m_AlwaysRefresh":false,"showFog":true,"showSkybox":false,"showFlares":true,"showImageEffects":true,"showParticleSystems":true,"showVisualEffectGraphs":true,"m_FxEnabled":true},"in2DMode":false,"pivot":{"x":-0.2331547737121582,"y":0.21956193447113038,"z":0.04083377122879028},"rotation":{"x":0.0590873621404171,"y":-0.8964269757270813,"z":0.12586912512779237,"w":0.4208143353462219},"size":0.5660991668701172,"orthographic":false}