{"cameraMode":{"drawMode":0,"name":"Shaded","section":"Shading Mode"},"sceneLighting":false,"audioPlay":false,"sceneViewState":{"m_AlwaysRefresh":false,"showFog":true,"showSkybox":false,"showFlares":true,"showImageEffects":true,"showParticleSystems":true,"showVisualEffectGraphs":true,"m_FxEnabled":true},"in2DMode":false,"pivot":{"x":0.04999995231628418,"y":-0.5499999523162842,"z":0.15000003576278687},"rotation":{"x":-0.25057265162467959,"y":0.46812719106674197,"z":-0.14038796722888947,"w":-0.8357340693473816},"size":3.4853265285491945,"orthographic":false}