{"cameraMode":{"drawMode":0,"name":"Shaded","section":"Shading Mode"},"sceneLighting":false,"audioPlay":false,"sceneViewState":{"m_AlwaysRefresh":false,"showFog":true,"showSkybox":false,"showFlares":true,"showImageEffects":true,"showParticleSystems":true,"showVisualEffectGraphs":true,"m_FxEnabled":true},"in2DMode":false,"pivot":{"x":-0.25009316205978396,"y":-1.4390428066253663,"z":0.1399400383234024},"rotation":{"x":0.23047694563865663,"y":-0.6638041734695435,"z":0.22626443207263947,"w":0.6748533844947815},"size":4.446346759796143,"orthographic":false}